<?xml version="1.0" encoding="utf-8" ?>
<dwsync>
<file name="16-circle-blue.png" server="edreamer.quotaless.com" local="127891458780000000" remote="128691078000000000" />
<file name="16-circle-green.png" server="edreamer.quotaless.com" local="127891458780000000" remote="128691078000000000" />
<file name="16-circle-orange.png" server="edreamer.quotaless.com" local="127891458780000000" remote="128691078000000000" />
<file name="16-cube-blue.png" server="edreamer.quotaless.com" local="127891458780000000" remote="128691078000000000" />
<file name="16-cube-green.png" server="edreamer.quotaless.com" local="127891458780000000" remote="128691078000000000" />
<file name="16-cube-orange.png" server="edreamer.quotaless.com" local="127891458780000000" remote="128691078000000000" />
<file name="bl.gif" server="edreamer.quotaless.com" local="128027219880000000" remote="128691078000000000" />
<file name="br.gif" server="edreamer.quotaless.com" local="128027219880000000" remote="128691078000000000" />
<file name="mlogo.png" server="edreamer.quotaless.com" local="128690725873970000" remote="128691078000000000" />
<file name="nopic.png" server="edreamer.quotaless.com" local="128689409181138345" remote="128691078000000000" />
<file name="tl.gif" server="edreamer.quotaless.com" local="128027219880000000" remote="128691078600000000" />
<file name="tr.gif" server="edreamer.quotaless.com" local="128027219880000000" remote="128691078600000000" />
</dwsync>