<?xml version="1.0" encoding="utf-8" ?>
<dwsync>
<file name="3022WTMi.jpg" server="edreamer.quotaless.com" local="127980318955829760" remote="128691078600000000" />
<file name="3628A.jpg" server="edreamer.quotaless.com" local="127977559535092608" remote="128691078600000000" />
<file name="4002WLMi.jpg" server="edreamer.quotaless.com" local="127977774423636000" remote="128691078600000000" />
<file name="5562.jpg" server="edreamer.quotaless.com" local="127980318954127312" remote="128691078600000000" />
<file name="B2821.jpg" server="edreamer.quotaless.com" local="127980324284692288" remote="128691078600000000" />
<file name="dv4213AP.jpg" server="edreamer.quotaless.com" local="127980324284592144" remote="128691078600000000" />
<file name="F3APT24DD.jpg" server="edreamer.quotaless.com" local="127977914137360320" remote="128691078600000000" />
<file name="NC2400.jpg" server="edreamer.quotaless.com" local="127977912721123872" remote="128691078600000000" />
<file name="S6F.jpg" server="edreamer.quotaless.com" local="127977914142868240" remote="128691078600000000" />
<file name="TC4200.jpg" server="edreamer.quotaless.com" local="127977912715015088" remote="128691078600000000" />
<file name="TM2403.jpg" server="edreamer.quotaless.com" local="127980318954127312" remote="128691078600000000" />
<file name="V2632.jpg" server="edreamer.quotaless.com" local="127980324283790992" remote="128691079200000000" />
<file name="VGN-AR18TP.jpg" server="edreamer.quotaless.com" local="127979514730972688" remote="128691079200000000" />
<file name="VGN-FE25TP.jpg" server="edreamer.quotaless.com" local="127979514730972688" remote="128691079200000000" />
<file name="VGN-FJ79TP.jpg" server="edreamer.quotaless.com" local="127979514731172976" remote="128691079200000000" />
<file name="VX1.jpg" server="edreamer.quotaless.com" local="127975782801897856" remote="128691079200000000" />
<file name="W5GT24DD.jpg" server="edreamer.quotaless.com" local="127977914136358880" remote="128691079200000000" />
<file name="W7J.jpg" server="edreamer.quotaless.com" local="127977914140564928" remote="128691079200000000" />
</dwsync>